Weider,Melhuish,wmelhuish0,b196965fb4dcbfe36b631c8ca45267f79b916cbe,wmelhuish0@statcounter.com,70,06/09/2022,19:46:43
Quinton,Everley,qeverley1,b7c56f163ce6b8c238ee3c5dbb2afdef7d36816d,qeverley1@ftc.gov,61,12/08/2022,08:41:38
Phedra,Domotor,pdomotor2,5d0f074a989bef0c2163f824b766f55ceb3269cb,pdomotor2@deliciousdays.com,96,11/04/2022,06:22:20
Lena,Sainteau,lsainteau3,e37d497aad4bc2d5851369b25cc9d154c2566fa3,lsainteau3@answers.com,25,11/03/2022,23:16:28
Dottie,Bountiff,dbountiff4,7c9baf44f094bafcb7c11edf155ad9e8ddd65703,dbountiff4@free.fr,59,16/08/2022,16:18:35
Lydie,Oxer,loxer5,d018e76045610704c02e44d69d3d6a10ccb1bb59,loxer5@tinypic.com,42,13/04/2022,13:12:49
Lorena,Bratch,lbratch6,15bb48d4c2be6c866f80de60bbb996473544d16f,lbratch6@4shared.com,57,10/03/2022,10:09:09
Skippie,Hrinishin,shrinishin7,9ff8182deca49472146c4ecbbcef6d5b45fb4d16,shrinishin7@diigo.com,90,28/12/2021,13:43:39
Leoline,Cariss,lcariss8,2719e7b90be2935c61a3a1d694f463ba2d3efa14,lcariss8@archive.org,30,28/04/2022,04:17:31
Kasey,Hawson,khawson9,f53c151a57f509cd132bc28574f94194e30da976,khawson9@disqus.com,72,17/02/2022,00:56:36
Holly,Patifield,hpatifielda,8ffb8f03b86c1f9e9d6df08575fcaae825f918b8,hpatifielda@wisc.edu,82,04/08/2022,10:02:27
Urson,Tatters,utattersb,7cc208b20e8f9ffdb99879454596d073282607e9,utattersb@sogou.com,74,09/07/2022,10:33:03
Becca,Bearham,bbearhamc,e8484391c2aa6624ff1f7deb3bdcf1500d47f0e8,bbearhamc@si.edu,71,28/06/2022,14:22:25
Reggie,Jurca,rjurcad,4300718927f872d1b45a815ce383d9b88aafcbc2,rjurcad@nationalgeographic.com,32,04/08/2022,21:40:22
Addi,Rocks,arockse,8d49691899d3bc77fe3b37723ec3f16a319906da,arockse@facebook.com,72,29/09/2022,14:59:20
Ottilie,Caddan,ocaddanf,ac94d53c5ed3c6938a590a1ccbb3f23619800ba7,ocaddanf@lycos.com,85,13/08/2022,11:26:14
Niall,Parsell,nparsellg,ed5f6d0e0a8593e853b0cdf85f810a606eb5211b,nparsellg@wordpress.com,77,19/03/2022,12:04:00
Philis,Aylmer,paylmerh,d8e2639caee6303a9d9f93bb55d63c8df58cb872,paylmerh@vkontakte.ru,52,08/09/2022,13:54:52
Marys,Streat,mstreati,577d8611056c6d290cd223f3cc6388d5d2431392,mstreati@vkontakte.ru,55,21/11/2021,16:20:13
Riva,Walesa,rwalesaj,83861595425bc4039546cdabccf7c8ef4416bc90,rwalesaj@sourceforge.net,22,02/04/2022,00:35:18
Weider,Sahnow,wsahnowk,35d7fa574c373b1d9cf71efb5436134037f227e4,wsahnowk@imageshack.us,78,28/12/2021,01:41:41
Merci,Leydon,mleydonl,f1f7ea40ec0f6353a8df0722e621c0216b3953cb,mleydonl@istockphoto.com,44,22/12/2021,17:34:58
Ilysa,Romeo,iromeom,f263c298550f2a8810973a6fca38c1e3af6d3085,iromeom@ameblo.jp,65,29/08/2022,11:01:00
Kamila,Gorch,kgorchn,dc8a587bf64fd060b93ae20a6bef270ab68a1915,kgorchn@independent.co.uk,82,03/09/2022,06:59:55
Deb,Laxston,dlaxstono,bff67cfaf2cdd00147fe926cf87c5c2d360d92af,dlaxstono@prweb.com,32,23/02/2022,02:02:17
Gan,Lambal,glambalp,fe41f195c096d23cfbbe5f19327c9bc25e24b459,glambalp@sourceforge.net,42,08/10/2022,09:23:57
Estrella,Trime,etrimeq,63b3837f503d2c087af2b93318a7a43d26a0b443,etrimeq@webeden.co.uk,81,16/03/2022,05:11:41
Edwin,Bernardotti,ebernardottir,3e0b0a5f4ae7c89a2edfdf92a868128ad382b516,ebernardottir@ebay.co.uk,65,11/09/2022,22:43:35
Sibylle,Friedank,sfriedanks,d1b1dd5eeea126b2ef355a21df3b9a2cd7019d60,sfriedanks@arizona.edu,37,06/08/2022,02:01:16
Calv,Havelin,chavelint,00b7973d4de64b52b469a40d4fe97834efbaa91e,chavelint@prlog.org,68,10/04/2022,12:01:29
Clarinda,Plumbridge,cplumbridgeu,d16c54b8b42ed02435240277fb71217c1848f58d,cplumbridgeu@ibm.com,89,19/09/2022,05:13:50
Lowe,Iseton,lisetonv,ac708161849864f59323ace095e11e1bad713f44,lisetonv@abc.net.au,24,27/01/2022,13:56:06
Karola,Triner,ktrinerw,5fc7daf834496ab2e16c6c2d8f871c3fab206f1f,ktrinerw@dedecms.com,71,19/11/2021,07:45:41
Ermengarde,Oddy,eoddyx,cf574f5ba2ea7ce50f09d8921448d29ec1796c48,eoddyx@last.fm,26,30/05/2022,21:56:00
Toddie,McGarrie,tmcgarriey,7fe25c70ca4859761da109cead82888d676bf0d5,tmcgarriey@nbcnews.com,76,13/08/2022,21:03:58
Patty,Castellino,pcastellinoz,927b33383bc7cfb60923d87ed616b9db04009017,pcastellinoz@europa.eu,27,29/08/2022,16:57:16
Cross,Brewis,cbrewis10,daa16732e062af44b10064591529bcaa6199f634,cbrewis10@aol.com,73,02/09/2022,22:02:11
Damaris,Tetford,dtetford11,0127b67603c4faf40d03833923dc97174e2b87b4,dtetford11@imdb.com,72,01/05/2022,04:23:16
Ardene,Hammerman,ahammerman12,6e1210fb152caf2824cf4b550e68fcef2c9b2120,ahammerman12@mysql.com,42,10/02/2022,13:06:39
Lindsey,Rodnight,lrodnight13,5185cc6c65421fa1ec240aa5a09ee91c6eb5aae0,lrodnight13@google.com.au,87,23/12/2021,07:00:01
Romona,Dungate,rdungate14,747f912551a36b95c25c2e5bcf97e6ff5ca965fb,rdungate14@cdbaby.com,53,11/05/2022,04:34:28
Elga,Manneville,emanneville15,137d62df92be2f06a1e3b58999ad172a7b598a77,emanneville15@who.int,90,20/03/2022,02:29:05
Holly,Stoaks,hstoaks16,21c1e21942d9660e1be74621acedc23d904a86f4,hstoaks16@sun.com,61,28/10/2022,08:42:54
Maryanna,Hawkin,mhawkin17,7d84593fad305ca6230f439447fb461c58da08cc,mhawkin17@ifeng.com,33,15/02/2022,05:46:52
Mommy,Gutcher,mgutcher18,f101dc419586c45baae25782b96a250151088587,mgutcher18@army.mil,39,13/08/2022,17:21:20
Sheeree,Este,seste19,b2df064e14982d2a8b6f21c5a90aebf41af28507,seste19@diigo.com,70,29/06/2022,00:35:38
Marrilee,Woloschinski,mwoloschinski1a,391c96dda0a0f3f03f69d8378c27107035837a59,mwoloschinski1a@smugmug.com,94,22/07/2022,20:13:14
Annabal,Bisseker,abisseker1b,14695488b0daaffb79a085b4157edee5d850372f,abisseker1b@bloglovin.com,55,18/04/2022,22:34:27
Lorianne,Reynish,lreynish1c,9131f792508eea28c3605ced2c5f8d118d5e857f,lreynish1c@yelp.com,76,09/03/2022,07:38:08
Caesar,Beardmore,cbeardmore1d,5eb20d5667208c7fa59c5648cdfdb106ab374084,cbeardmore1d@about.me,96,19/10/2022,02:02:53
Yuri,Ayllett,yayllett1e,dcb406f83c02a9ef74e44b22c12f74b9b1c204ec,yayllett1e@seesaa.net,92,15/01/2022,03:42:27
Corina,Gierth,cgierth1f,f5c4dbc9bb1dd97d2a8da323c17ea69cde49aee3,cgierth1f@skyrock.com,51,04/02/2022,01:55:37
Brynn,Bowe,bbowe1g,70f8674989e356a14fc292c98ce6ea3792d6215b,bbowe1g@smugmug.com,69,05/05/2022,12:35:32
Rosco,Hudghton,rhudghton1h,cbc0a5d4b8077fd5581a991040d77dbc2c3a3348,rhudghton1h@list-manage.com,20,18/04/2022,01:09:31
Andres,Randalson,arandalson1i,a0098a684dfb1ecad4fa5c872926c8a88c4f2103,arandalson1i@hibu.com,58,17/08/2022,21:06:10
Cassandra,Kohnen,ckohnen1j,a33fc4c7d97ccc25e95c00eeb178722b6010c7a0,ckohnen1j@comcast.net,20,25/11/2021,20:18:31
Aura,Gillham,agillham1k,2850764faf6d7e7a3368022ddc3fb9cafeef14c4,agillham1k@cbsnews.com,21,29/07/2022,20:15:54
Averil,Oleszczak,aoleszczak1l,ab2ceb14ceaffb305c7cf4eaa6b651b373ca63df,aoleszczak1l@tinyurl.com,81,10/03/2022,15:20:00
Kelci,Sarsfield,ksarsfield1m,f5213a49e1db1aeea829a2947bd5290b6c428791,ksarsfield1m@furl.net,69,18/11/2021,22:17:06
Celisse,Olfert,colfert1n,606818ea37d820bc9bc3a5d96a6a3315c77b9c12,colfert1n@whitehouse.gov,60,02/05/2022,12:12:07
Kerrin,Gladtbach,kgladtbach1o,4ad8fe3a21eb85dd233e08e6f98cf5c17edd5b1a,kgladtbach1o@uiuc.edu,68,16/06/2022,09:58:05
Olvan,Nowakowska,onowakowska1p,df0478847083715c73e68168c93bc49d3fc21974,onowakowska1p@opera.com,78,26/04/2022,02:34:28
Fairleigh,Monkhouse,fmonkhouse1q,3ccff8d1402109989219e472894f7a8765cf3663,fmonkhouse1q@mlb.com,99,05/09/2022,01:22:55
Karita,Blagdon,kblagdon1r,7ae6d95a94594924668c8675fa4c1f1757eb4746,kblagdon1r@gmpg.org,35,30/10/2022,03:44:22
Rivalee,Pattini,rpattini1s,eea96e9f28f023cc1c7dfc95caf0accee2364fb4,rpattini1s@zimbio.com,89,14/12/2021,09:59:12
Avigdor,Dix,adix1t,eb1b691b15ad479a4cfad8662e220ee9911b900a,adix1t@google.cn,76,13/05/2022,05:36:26
Genia,Brighty,gbrighty1u,0c4c5de5795c19888c7e841e5026b0fbe835cf57,gbrighty1u@reverbnation.com,38,19/11/2021,10:46:21
Abby,Aiston,aaiston1v,4f2fe294c07ac198774ce28a740a8510d0cfe4db,aaiston1v@mail.ru,22,08/04/2022,02:13:03
Marketa,Mablestone,mmablestone1w,4774180cde8efc460dae1200453c57094aee54ab,mmablestone1w@last.fm,37,30/11/2021,18:45:10
Rosana,Brader,rbrader1x,00890ad7d11e68824b0a05caac90e6fe88a2619b,rbrader1x@live.com,38,23/02/2022,03:32:14
Whitby,Higgonet,whiggonet1y,6d8ce65b0926a2e748f2e187dab2c42485119846,whiggonet1y@mac.com,32,08/07/2022,11:28:45
Melodee,Dineen,mdineen1z,089f42983adf4ba81e30f199c8db9c1327ef9da2,mdineen1z@msn.com,86,05/01/2022,18:45:44
Antonie,Nottle,anottle20,7c33f0ffcd2e474bb6a366cead79a0e2f9152ca2,anottle20@patch.com,26,06/09/2022,19:29:56
Ernest,Snarie,esnarie21,d93772109a9d9aa6b36983d6f9a6ac573025fd6c,esnarie21@addtoany.com,51,25/10/2022,03:55:31
Daryl,Mahaddie,dmahaddie22,fe02993505381afdde0925f64e11a69f609445dd,dmahaddie22@ibm.com,69,04/03/2022,13:50:14
Lilas,Gavan,lgavan23,7d960d1a1c3a25974f5a464324d3ea8f58141684,lgavan23@opera.com,91,24/12/2021,01:06:23
Brear,Sucre,bsucre24,e8d08527e106cd7e598f27ee190ee152f096f3e1,bsucre24@state.tx.us,72,29/11/2021,15:18:02
Othilia,Sherry,osherry25,51d5d364f6762b284086673e2f67ebf1a456b32d,osherry25@ow.ly,64,13/09/2022,23:45:37
Raff,Edards,redards26,55a79fdfeaa7947ebc674464d3d5b01d13cf9af9,redards26@ucla.edu,22,17/05/2022,01:13:17
Aloysia,Willerton,awillerton27,29354777bda46cfbc75e2ab5863bcfcbccc27289,awillerton27@newyorker.com,36,12/06/2022,02:55:52
Walther,Allain,wallain28,354559e2918d4eed45dc66eb9b9c7b000660db45,wallain28@123-reg.co.uk,100,04/12/2021,15:58:10
Jereme,Linskey,jlinskey29,b6dc5c4c48b4d4d0f1d2dada167df7fb4917504f,jlinskey29@com.com,81,05/06/2022,11:27:09
Orazio,Grigoire,ogrigoire2a,7a453f61c99f0a54b5f33efaa111b885c32289f2,ogrigoire2a@salon.com,64,14/11/2021,03:47:23
Dorri,Punshon,dpunshon2b,f959468eb9a3b8ffeb2bf6efc5be3ab1f1f1430d,dpunshon2b@webmd.com,25,18/12/2021,05:45:20
Wakefield,Blazi,wblazi2c,d0a179dd4396e5a1609f00c03bcf37d937eccbbb,wblazi2c@sciencedirect.com,39,02/08/2022,20:04:23
Goldia,Fritter,gfritter2d,4efb56feffdc226ca2f5b84ee5efd5a32bbec9ca,gfritter2d@yellowpages.com,30,20/09/2022,10:40:48
Milo,Woodward,mwoodward2e,7012fb6618c980fc7f4236c675755c62f978bc7e,mwoodward2e@europa.eu,39,23/08/2022,07:26:35
Berky,Tumielli,btumielli2f,a01ba25f7a748bfed6abe6138e3fab9048e8fba9,btumielli2f@pen.io,93,27/05/2022,17:07:02
Lefty,Bissiker,lbissiker2g,22637630092da9e3c621ad6cb0b7af2ac5f7738b,lbissiker2g@yelp.com,59,30/08/2022,21:49:45
Griselda,Dunniom,gdunniom2h,4e65947527e374a31b3b447bc416ed867bd61a69,gdunniom2h@cam.ac.uk,72,22/05/2022,21:28:06
Nevil,Oxtarby,noxtarby2i,5ce46ba1ee0f0293cf81c3c5757a3004e80e5f8d,noxtarby2i@yolasite.com,74,02/09/2022,06:02:24
Karna,Collomosse,kcollomosse2j,bbefb6b6c2f0e027986ebcbc43532e1f9b7eace0,kcollomosse2j@ox.ac.uk,27,27/11/2021,01:08:15
Anne-marie,Auty,aauty2k,36e40344f8230cd98824c1d413801bf6da17693c,aauty2k@hostgator.com,62,24/06/2022,16:27:03
Reynard,Dran,rdran2l,95c081f288afb8aa57bbcdd45ff6266dc710e62d,rdran2l@xrea.com,28,09/06/2022,17:03:41
Peyton,Mellhuish,pmellhuish2m,3e56bc00851a94d8dea58c29d858cc6cf0e605a6,pmellhuish2m@myspace.com,32,06/11/2022,03:54:18
Krisha,Gherardelli,kgherardelli2n,aacd6ae705e6e466099115750332ce4dbb9343bf,kgherardelli2n@yellowbook.com,42,22/11/2021,06:51:01
Tracey,Deavall,tdeavall2o,de0c38443d437f45ea8d32a2f8486dfbf3427d6f,tdeavall2o@about.com,61,17/12/2021,04:23:02
Mal,Gazzard,mgazzard2p,21708a7751d6fffc136bab9e0c87509a439470b7,mgazzard2p@google.ru,89,22/09/2022,05:01:04
Kamilah,Landor,klandor2q,bec5880251b8f8114bd41b08cfe852e87c07d448,klandor2q@jiathis.com,40,22/11/2021,14:31:34
Giffer,Bain,gbain2r,119b9a5162c8a7ec36f2aa4ded5ff4628cb39f39,gbain2r@bloglovin.com,82,13/08/2022,00:06:23
Lefty,Gianni,lgianni2s,c1c86cd456226bd36419d5e51211ae3a319af883,lgianni2s@vistaprint.com,36,08/06/2022,00:02:37
Chase,Standell,cstandell2t,729b1c390b8c9bfa14a339d8f1cddcdcb89f9cfd,cstandell2t@discovery.com,41,07/05/2022,15:48:34
Renelle,Ralls,rralls2u,3d8a13af14ffe769703bfc0221e33ca03fdc084a,rralls2u@flickr.com,49,23/04/2022,12:07:04
Viole,Chessor,vchessor2v,d7d2dd6e9f8b5b1a7cc1fce73f0cc4f6ba393de2,vchessor2v@cbsnews.com,38,02/12/2021,09:21:00
Donelle,Dilloway,ddilloway2w,9947489ad206a650073e49243b355eb1a5cf20e1,ddilloway2w@comcast.net,64,30/11/2021,22:07:14
Josefina,Houdmont,jhoudmont2x,e0be2e1fc611dc4e32ba8eeb80b928a50dd40b3c,jhoudmont2x@ameblo.jp,53,11/05/2022,06:44:16
Jordain,Lomaz,jlomaz2y,17fcc075de9c0a258833e45cdbd9b6718f0e31f5,jlomaz2y@biblegateway.com,84,28/02/2022,03:33:29
Abbot,Bristow,abristow2z,6731cd1617771a20c9ddf1d386d2b7a7f278a565,abristow2z@timesonline.co.uk,28,01/08/2022,11:40:56
Odessa,Connerly,oconnerly30,9d8136860d2a921b19a9a564cc2e912f210d4fe6,oconnerly30@nbcnews.com,50,10/04/2022,21:49:35
Sigismund,Yanov,syanov31,eb6005d8c09df831946f76b5973f4192015e7606,syanov31@reddit.com,75,15/11/2021,23:01:07
Hildegaard,De Ortega,hdeortega32,4e9d02a6cbcfed4c8183a2acd9dcd39b1db984c5,hdeortega32@mail.ru,91,25/06/2022,09:29:12
Aguistin,McLucas,amclucas33,432e93fcd1e81359d8327d02f49b4881395e8ad8,amclucas33@barnesandnoble.com,26,05/08/2022,01:52:37
Nickey,Hedman,nhedman34,7ae435362e52ac4ae727cdc2860d8b42cb46690b,nhedman34@hhs.gov,63,18/09/2022,22:30:47
Juieta,Deverock,jdeverock35,e12b5488602469b881d642c46502cef47bec1b32,jdeverock35@ocn.ne.jp,76,05/12/2021,18:17:47
Melita,Irvin,mirvin36,4ffeb3496d72699b3e30142a3a7c12965cc4fbe0,mirvin36@wired.com,28,22/10/2022,13:44:17
Cindy,Wistance,cwistance37,a79197432034ed236fe1b708648053c7fa53dd56,cwistance37@wordpress.org,69,25/01/2022,18:46:48
Clayborn,Melloy,cmelloy38,148b8fa65476e9fe945c059c42aa8f824a40ca56,cmelloy38@imgur.com,70,05/04/2022,00:30:12
Claudetta,Forrestill,cforrestill39,cb607ae5616b1d4600c16763c613cb0b3a36a585,cforrestill39@cmu.edu,73,26/09/2022,17:28:15
Scot,Yeabsley,syeabsley3a,e87931b652c61eb289f264a249f9d5f4b95bc0a1,syeabsley3a@addthis.com,75,04/09/2022,22:13:47
Gordan,Upstone,gupstone3b,e8324dadc8e3f8d24069bdc984b098b104c65f96,gupstone3b@psu.edu,55,04/04/2022,12:58:08
Jorie,Avarne,javarne3c,cede34c5a366888ca552822a83032664f3dffaf6,javarne3c@va.gov,45,30/11/2021,16:53:58
Lon,Pavier,lpavier3d,954637640856f696219e4a87aa8e52f63923b843,lpavier3d@cam.ac.uk,28,03/05/2022,16:34:01
Jeramie,Quarton,jquarton3e,f83cbfdf617591ddba9f7d3e146e8f5b46d846ba,jquarton3e@toplist.cz,29,14/06/2022,04:21:42
Orsa,Bletsoe,obletsoe3f,d9238ab46885de5e97088e30011658ccc5766d47,obletsoe3f@sitemeter.com,26,21/04/2022,01:45:15
Morena,Heggs,mheggs3g,c4cdfffc806b8b1b87af1e08b9bd742da7571c41,mheggs3g@creativecommons.org,63,06/11/2022,14:43:14
Peyton,Sadry,psadry3h,2184b17aea6a71d175f207c21c64d3fb498b70dc,psadry3h@canalblog.com,68,14/08/2022,21:19:07
Nessi,Murney,nmurney3i,9b39b3c66e125851df3d06ebe384dae816087952,nmurney3i@salon.com,21,21/01/2022,10:03:20
Elianore,Austen,eausten3j,be2e20e7893b99e2e0c3f0658b0c56c0c8c4e223,eausten3j@printfriendly.com,52,13/02/2022,05:42:48
Harli,Luetchford,hluetchford3k,f7a0921290ca6a718e9c7f6f5c3b21f4f90c3ad5,hluetchford3k@army.mil,57,23/04/2022,13:50:29
Elissa,Alvaro,ealvaro3l,f40b5dea57928bd68dd6abd5cfe665866550bc02,ealvaro3l@about.me,71,07/06/2022,19:04:06
Jonie,Pedlingham,jpedlingham3m,0cb0d509ee94132a731fc9b0a32b32748ea27b81,jpedlingham3m@hexun.com,82,26/03/2022,08:59:58
Osbert,Pelman,opelman3n,9bcf9b2c1ae283d604099c3280960eb885beff89,opelman3n@privacy.gov.au,52,05/06/2022,20:22:43
Shawn,Swaine,sswaine3o,abda63867d76fd5c6ceddf00733523036f95bcf2,sswaine3o@cdc.gov,55,17/10/2022,22:36:12
Grier,Gillbey,ggillbey3p,5c64b4dd5d257fa9b3dc8e44d77786ee5990e75a,ggillbey3p@europa.eu,50,18/06/2022,22:22:57
Barbi,Sabati,bsabati3q,036563d8c9e74d54d3c30efdba594fe0822135d2,bsabati3q@themeforest.net,98,31/01/2022,17:23:20
Brodie,Mattke,bmattke3r,af7dca11f92f9ca7db9652c478a74426e1711de9,bmattke3r@cargocollective.com,64,25/05/2022,18:09:03
Maximilian,Panks,mpanks3s,4719a6b314bd40e74a0c39e2fdd7b30126b6a449,mpanks3s@webmd.com,65,05/02/2022,18:07:20
Bord,Pinchback,bpinchback3t,4f2b587f77ee0f8e02d03864035b8b7aeae93335,bpinchback3t@globo.com,77,03/11/2022,16:17:50
Jamesy,Buzek,jbuzek3u,2a9dff468cc90a3aa8e4b0bda8684dae8292ce52,jbuzek3u@twitter.com,85,30/09/2022,06:48:58
Archie,Cleife,acleife3v,d2dc3b1d9788ac4906ca564d4f04d328a71b35fe,acleife3v@artisteer.com,91,04/01/2022,17:41:53
Georgie,Hansbury,ghansbury3w,8d05c8614879a8db37a8f1e06a3d9b951e731089,ghansbury3w@paypal.com,33,08/12/2021,00:42:48
Keene,Duddle,kduddle3x,b4690aed2a1a81c253e92edd3bbdd25ad916c314,kduddle3x@diigo.com,80,09/02/2022,04:50:33
Tiebold,Masi,tmasi3y,1e549b76d088c8646914cb1a9acb194c5b37d562,tmasi3y@uol.com.br,53,08/09/2022,05:06:07
Mercedes,Porcher,mporcher3z,7d1226e361df891b326d20e5399424d679dfa181,mporcher3z@nifty.com,23,25/02/2022,07:36:40
Ricard,Spurdon,rspurdon40,dd883079f3e681e691c80d479617415bbc890ebd,rspurdon40@bizjournals.com,34,03/01/2022,16:57:14
Kandace,Hawk,khawk41,10ce2c5bca4a89abc77812268fa4ea3c7d295285,khawk41@globo.com,39,01/08/2022,20:48:16
Valera,Boyland,vboyland42,6237d6b5ed143a278ee5ccc249c1ffb0ad517e16,vboyland42@arizona.edu,95,17/11/2021,16:30:10
Doretta,Elson,delson43,176df0362297d25124fc381a742d4da7ab34b486,delson43@gov.uk,33,16/04/2022,11:23:40
Jeanette,Ezele,jezele44,f59eba130cdbb3769914bba6b2d0a1135497874d,jezele44@cocolog-nifty.com,97,31/05/2022,20:27:21
Susan,Fleckney,sfleckney45,45a07bc5e1998d5182f45d01d5bf325ed959b9c9,sfleckney45@merriam-webster.com,64,05/09/2022,22:16:55
Dominick,Drinkall,ddrinkall46,ab55d7e8549e9d98194bda90a2aa61237ddc55a1,ddrinkall46@youtu.be,24,16/03/2022,10:27:31
Cariotta,Tuminini,ctuminini47,15cbfaeb007107e8f052fdc363ab0a008cb7d05e,ctuminini47@unc.edu,24,14/11/2021,13:11:27
Chrisy,Tearny,ctearny48,f974f1545cc970f1a6747bafa261a8cf0669229c,ctearny48@theglobeandmail.com,26,10/12/2021,17:41:11
Eleonore,Blasi,eblasi49,91462eaa7c9043b05dc8821993f71fb2ed1c007d,eblasi49@marriott.com,80,15/03/2022,21:47:19
Justinn,Sharples,jsharples4a,a49a9e5cd4092aaa6c0d8de7d870c86454275dca,jsharples4a@smugmug.com,59,03/09/2022,11:18:11
Saxe,Darycott,sdarycott4b,575d4440436cb1c3c62fb809ac243a631efcc2e6,sdarycott4b@blogtalkradio.com,56,11/11/2021,07:24:11
Codie,Scoone,cscoone4c,c36ad71d7baade94af8e9952f03657875d5640cb,cscoone4c@cyberchimps.com,42,10/02/2022,03:57:06
Gibbie,Matokhnin,gmatokhnin4d,ebd19dc5521bbbcdffe5625c3e9ceadf2fc7a9b9,gmatokhnin4d@wordpress.com,84,19/09/2022,13:29:35
Darrin,Taplow,dtaplow4e,135c842b605089440794ea639b258e4b275ea669,dtaplow4e@etsy.com,84,25/10/2022,00:34:21
Eben,Voas,evoas4f,dfea10b7b3feeb4021f31ac9a9728d165736b97b,evoas4f@examiner.com,84,08/12/2021,01:12:22
Cart,Bonas,cbonas4g,c2cca0c8531f537b596fb8a91acc2e42cb5dae98,cbonas4g@mlb.com,81,26/12/2021,09:44:03
Ophelie,Dignan,odignan4h,b4d197c85d39dc4b2e1a38a21317f7f297cc8598,odignan4h@howstuffworks.com,92,12/01/2022,15:48:49
Marvin,Oliveira,moliveira4i,e6f6f5feeae796a9d24b50706fa2ad5da338ea23,moliveira4i@fastcompany.com,76,13/04/2022,03:10:53
Janna,Del Dello,jdeldello4j,f86aa59a675f95905f92ee6750d4bd3e62becbb4,jdeldello4j@sciencedaily.com,28,06/06/2022,04:30:14
Aymer,Cunradi,acunradi4k,f8eb0555e8ea77ca5c22f3536d05c3e382c799e9,acunradi4k@huffingtonpost.com,100,31/10/2022,23:27:35
Kylie,Plascott,kplascott4l,9cf4e3e4917e90c7c4a3b643880fce178f6b4468,kplascott4l@ucla.edu,62,06/03/2022,03:34:22
Marlee,Perico,mperico4m,25be44f8d4e61f67a73e5fa1a9b076851822730b,mperico4m@naver.com,22,29/04/2022,02:01:59
Asia,Waterstone,awaterstone4n,0c1104dd5a4aa07604297082fd89b66b32c65eaf,awaterstone4n@cmu.edu,97,08/01/2022,10:29:15
Pamelina,Harkin,pharkin4o,1957c4a436d4420b620d9b1cc20723c11f921748,pharkin4o@state.tx.us,92,14/12/2021,08:36:53
Gustave,Gonsalvez,ggonsalvez4p,7fc88741558c161102e9daddff46d5e259b9518d,ggonsalvez4p@cdc.gov,45,23/06/2022,17:14:12
Tori,Mitchley,tmitchley4q,64d4ed603cd6bc98caa874859c717bccb61c59bb,tmitchley4q@newsvine.com,36,22/07/2022,15:59:22
Gillan,Lyvon,glyvon4r,d35ec382bec1899f558527fa162aa326900eb84b,glyvon4r@toplist.cz,77,26/09/2022,13:01:23
Jobyna,Saxby,jsaxby4s,d4a35c60dd93cff933ca8e6403b65223dcf20ae4,jsaxby4s@psu.edu,38,04/07/2022,11:10:48
Carmine,Norcop,cnorcop4t,3d621867955d2e8b17b05507f681967c9796b755,cnorcop4t@chronoengine.com,60,13/12/2021,22:38:27
Ezmeralda,Eastwell,eeastwell4u,8269536e06c43a4a9637f1d37b63f0cce2b8f8e8,eeastwell4u@wikia.com,52,23/07/2022,20:45:41
Clarissa,Arnall,carnall4v,c5a6643579d6d0fca9c75a59a98c8bc525ff1ea5,carnall4v@whitehouse.gov,53,01/10/2022,18:05:07
Brod,Levet,blevet4w,cee69c0672afe664b639103cb88dc3523fae0c74,blevet4w@blog.com,83,25/07/2022,06:06:18
Freddie,Hubert,fhubert4x,c5f4eaa523f8214cba1b9e6a2b0af5f22c37b39d,fhubert4x@dropbox.com,38,31/10/2022,08:27:21
Adam,Jager,ajager4y,173290b740cd712f875a0701f72600d10343a75e,ajager4y@devhub.com,95,03/09/2022,21:38:56
Georgeanna,Roxbrough,groxbrough4z,a27137e04a3db26df575b8aecf2f0b3c7fd74551,groxbrough4z@behance.net,34,10/10/2022,23:43:33
Dorelia,Shovlin,dshovlin50,0b5fb82a2c93c1c29b86c24187f6832d9d2f6516,dshovlin50@illinois.edu,98,26/01/2022,23:05:06
Zebulon,Hebard,zhebard51,2416ce68a0ed8ade3c0904b3b2b43c8361b81a84,zhebard51@ocn.ne.jp,22,24/07/2022,19:47:53
Margret,Dinsale,mdinsale52,8a2d38f4d7425a9b4925830efc395de35f2245ef,mdinsale52@foxnews.com,51,31/03/2022,23:44:12
Arabel,Chasmor,achasmor53,c87b63bbef94ce16a77327072f932c10ef6f09f0,achasmor53@google.de,81,28/08/2022,00:46:25
Meridel,Pesek,mpesek54,f21f6902d5ebb11595f586b58489e72708c60e56,mpesek54@eventbrite.com,38,16/02/2022,13:29:54
Lisetta,Beagley,lbeagley55,a48710dbac2fccb3503becb807911318b69e388c,lbeagley55@desdev.cn,26,01/10/2022,04:29:36
Gretal,Lucken,glucken56,c1584abe028c8f2b99568401ff1dc0960be4e383,glucken56@issuu.com,80,18/01/2022,06:32:32
Kore,Llorente,kllorente57,49037c19f4547b895d64a7d8555d1263713652ea,kllorente57@prnewswire.com,70,20/10/2022,19:58:19
Barbette,Coope,bcoope58,99a0c3a4d8c3a4bca47961e5a77f8f1eaa68f494,bcoope58@cbc.ca,33,01/06/2022,18:23:46
Lolita,Frisby,lfrisby59,74ae8baef8700d8db6509cd19d61f276292203a0,lfrisby59@ifeng.com,92,17/12/2021,15:26:28
Delphinia,Bonner,dbonner5a,553723166ef534db146568c8897345ed42806546,dbonner5a@forbes.com,53,09/05/2022,02:19:51
Cherye,Hold,chold5b,97a2714c57ae78be22ca76d87f5509827f9e9df8,chold5b@businessinsider.com,40,03/12/2021,03:57:55
Dexter,Eddicott,deddicott5c,f6b9f61cbe969140cddda25e28188914aa54095a,deddicott5c@goodreads.com,99,29/07/2022,06:23:16
Andrea,Brixey,abrixey5d,1ecf503e8c40372df91efd558518b076ce188144,abrixey5d@mayoclinic.com,62,23/08/2022,15:18:59
Michale,Conachy,mconachy5e,c28f55e75f2b8fe8882368081169434c03013eca,mconachy5e@bluehost.com,42,17/10/2022,21:32:56
Wendie,Goodlip,wgoodlip5f,62ed3bd136adf2e08e98a31eac120a20fa9f17c7,wgoodlip5f@techcrunch.com,92,18/08/2022,16:20:54
Elena,Posthill,eposthill5g,473a905305e2a5ea18f31f67679a3135a06beb96,eposthill5g@imdb.com,62,15/06/2022,00:54:59
Hersh,Bunkle,hbunkle5h,87e39074f50f999c12751b3b577aa84866bda917,hbunkle5h@netlog.com,84,02/02/2022,16:09:08
Erena,O'Corrin,eocorrin5i,dafa42d934f53199cfac8ffae80679fd41cf48ec,eocorrin5i@reuters.com,72,31/01/2022,05:51:11
Zsazsa,Slack,zslack5j,28bba7bbc0aa2c778f1fd79af76e501440b77f7e,zslack5j@google.cn,33,30/10/2022,09:16:14
Dominic,Cropton,dcropton5k,0db790282befcb73039cedbd988acec19f8fec83,dcropton5k@photobucket.com,42,04/12/2021,22:02:38
Myrwyn,Dulany,mdulany5l,8cec9f54674c87224ede9c3b638dc3f92e5ab68f,mdulany5l@vkontakte.ru,34,08/06/2022,19:36:02
Welch,Sedgeman,wsedgeman5m,5fa11cf945cd0d40b453029f9bc71a26cbfffb59,wsedgeman5m@usnews.com,31,03/05/2022,16:17:50
Dunc,Velez,dvelez5n,00aa88b007312757952245f7d54b77a358108323,dvelez5n@goo.gl,59,01/07/2022,05:01:52
Alyss,Parrott,aparrott5o,8f1d395dbe15f6a191c9571522f02b39fcf8c0c5,aparrott5o@usatoday.com,41,06/10/2022,07:42:17
Gannon,Stolberger,gstolberger5p,4ee02bd6791001180e72e60e237f936045a0edda,gstolberger5p@booking.com,75,11/08/2022,10:23:47
Dick,Cambden,dcambden5q,05a70bd507c7cd90d107b9d55f212879024be9d1,dcambden5q@unicef.org,75,22/06/2022,14:00:18
Albrecht,Kiraly,akiraly5r,4e9ef38e094bef19886bcfeef6f0c7bd8ae11dd2,akiraly5r@lycos.com,53,06/02/2022,21:33:04
Tate,Bertolaccini,tbertolaccini5s,44e4d1e238ff844ec537aa18155107f42e690fd5,tbertolaccini5s@discovery.com,68,16/11/2021,13:27:47
Hurlee,Till,htill5t,ca784634e79889003e9f020bb19327cb6f078741,htill5t@lulu.com,50,02/06/2022,22:16:59
Alisun,Sybbe,asybbe5u,61f0afd1b8e0db0543b37be4de5e5507e3594acf,asybbe5u@arizona.edu,42,10/02/2022,23:46:07
Boris,Fenkel,bfenkel5v,8feb2b95c9ff6b8299efe545736a2bf1ddfcd283,bfenkel5v@artisteer.com,81,08/05/2022,05:57:27
Edan,Vankin,evankin5w,3229be5c483019a0a2f6c6bc01ebe2ccb66dcca9,evankin5w@so-net.ne.jp,61,04/04/2022,22:33:33
Eyde,Ruse,eruse5x,2f521be95f3fa3eb723151d8a7a82c74bbeb3f6d,eruse5x@wix.com,77,10/10/2022,07:04:10
Leisha,De Micoli,ldemicoli5y,33d2b583ede70159fc93d78b2591bffe3a9d60b7,ldemicoli5y@theatlantic.com,31,21/08/2022,06:05:06
Ellswerth,Bolitho,ebolitho5z,acecc1211e1b7341296eb4837c50ff774f201a28,ebolitho5z@netvibes.com,55,30/06/2022,03:38:20
Vale,Dumphries,vdumphries60,abdc5cc3bb79fedd936f1011baa9e32e9a7bf78c,vdumphries60@state.gov,74,22/03/2022,13:17:44
Merrily,Jurgenson,mjurgenson61,53fbd10ab40e892bbcdfb6fce0162297a283ce84,mjurgenson61@yelp.com,59,25/10/2022,11:12:04
Marni,Hamal,mhamal62,e01e5de38939c84fe0e8d28c5b37a2581c8fb509,mhamal62@mlb.com,23,28/03/2022,03:27:10
Daveen,Preshous,dpreshous63,1b86c9cac3d25fa17f75eaff7efdfdde17c5099f,dpreshous63@shinystat.com,60,24/07/2022,07:27:20
Debra,Bamlett,dbamlett64,593cd4625c83051b669b17a8673d86ec3522825c,dbamlett64@springer.com,83,07/01/2022,12:52:35
Kacey,Lowder,klowder65,f1128a5d8b466912e0a388ca1ad9b5745910ca42,klowder65@ifeng.com,35,09/03/2022,15:10:19
See,Salzberger,ssalzberger66,6c84ef6ac6b7327711d6f457d1c5c5788c5c6803,ssalzberger66@baidu.com,21,06/12/2021,02:19:35
Leonerd,Rubbert,lrubbert67,1ac7f905ca6cf512a2c3e2535c6513598b7df4a6,lrubbert67@a8.net,38,08/07/2022,15:34:46
Dniren,Sleford,dsleford68,420e574c45f2571bcbaf75f57f94448cfefd0b84,dsleford68@angelfire.com,95,28/12/2021,02:08:41
Darnell,Emmitt,demmitt69,27323238492efc58453461298f600e3c64f6280e,demmitt69@ucoz.com,83,10/10/2022,10:35:42
Lindsy,Eliasen,leliasen6a,fb6070257207422d31aa2d4cde95ef3174c9c3a8,leliasen6a@sun.com,46,29/07/2022,06:29:22
Drusi,Kliche,dkliche6b,c85d01a21b82298e984f607b1c93b37fa21899ba,dkliche6b@mail.ru,62,03/01/2022,15:32:33
Damita,Pearsey,dpearsey6c,3a6075fcee2d58ae1b288e5c62a537575e6058d4,dpearsey6c@typepad.com,55,25/04/2022,13:48:48
Garner,Dron,gdron6d,bd50bf5355ed88e5a65cce7b5d06a2e87dcf57f0,gdron6d@aol.com,87,08/03/2022,05:13:28
Allyce,Bleaden,ableaden6e,e47c7ed1686fe5c1ada55d7081d028939a1e9356,ableaden6e@github.com,73,25/07/2022,10:12:51
Vivie,Padillo,vpadillo6f,6f4695dd9cc748c2d56cccc55b0898de80043c27,vpadillo6f@auda.org.au,95,03/03/2022,06:03:39
Mayer,Jindrak,mjindrak6g,006cfb62a1d2e23824f1691819ac48804481f451,mjindrak6g@arstechnica.com,32,01/03/2022,05:25:19
Archie,Kennington,akennington6h,b9b105d2d9fe351d919b967529dd8bdc8470ee60,akennington6h@mozilla.org,33,08/10/2022,20:59:02
Briny,Dirr,bdirr6i,1bfb244e0cc250f75c96b8b6a2887cf6606d3e5f,bdirr6i@quantcast.com,37,27/10/2022,00:25:36
Marve,Jaggli,mjaggli6j,af01e21c6ecb16ed5732961bad562b265de0a56b,mjaggli6j@elpais.com,26,28/04/2022,12:46:01
Olva,Hindmore,ohindmore6k,d78f5021567dce5d402aa1f012283c00690f5123,ohindmore6k@slate.com,34,05/01/2022,11:55:52
Yoshi,Skures,yskures6l,a6bbff916fb14c17d68cd7b141803f5c94549d7c,yskures6l@angelfire.com,26,26/11/2021,16:54:35
Annetta,Blakden,ablakden6m,77eab68ee1a425f4eb23d7ac433a5f68b5358c21,ablakden6m@marketwatch.com,51,12/09/2022,06:05:10
Paco,Jirus,pjirus6n,c62b1e49bf8b96b281835079b5af808116698117,pjirus6n@nps.gov,20,20/11/2021,20:00:41
Marrissa,Mapplebeck,mmapplebeck6o,9f8f04734c9ad129df2bc24bc022dadfc5a512e2,mmapplebeck6o@tmall.com,25,15/06/2022,03:54:03
Guilbert,Lehrmann,glehrmann6p,5962aab4afdd4a9bd99004f27fa3cbd2ccfcd009,glehrmann6p@google.co.uk,89,01/09/2022,06:55:28
Shirlee,McCaughan,smccaughan6q,8eb50b791e86d650429f814dd4774f12fd1e546c,smccaughan6q@time.com,55,26/06/2022,00:11:43
Creight,Kaye,ckaye6r,23d0c2a052c43a8e23864a8eaf46dd80354f490e,ckaye6r@diigo.com,88,19/11/2021,03:15:06
Edgar,Alonso,ealonso6s,baece45ab4c54a4e8882d65f14ef623ea293b1ab,ealonso6s@bravesites.com,84,18/06/2022,12:02:09
Glendon,Davydoch,gdavydoch6t,b589d821912dc9866d3d2e5a30a36e34933156db,gdavydoch6t@nbcnews.com,33,23/01/2022,17:55:24
Lela,Kiltie,lkiltie6u,e595d40079474cf5920d6243cd4d076055a19710,lkiltie6u@cpanel.net,53,21/07/2022,07:53:23
Almira,Reck,areck6v,e62ad743ae42c028c6e9a7f05f305e1928bf47e9,areck6v@woothemes.com,86,23/07/2022,01:08:51
Vinny,Gething,vgething6w,0c17d510645fdd5451d456a8eba2912f22705dd9,vgething6w@ca.gov,37,28/06/2022,17:45:23
Kelly,Aikenhead,kaikenhead6x,06b25bc12c80616f72a3ae293bd3b3d0b50f8819,kaikenhead6x@mashable.com,45,28/04/2022,12:06:52
Van,Solloway,vsolloway6y,9bd71fbbecc036a1f7578349b12d87e99a42d67c,vsolloway6y@smh.com.au,73,08/04/2022,16:35:32
Sterne,Hamor,shamor6z,01caad07883877b6f13385b85d4643312bdb4f38,shamor6z@vinaora.com,49,30/01/2022,07:03:16
Lorilyn,Gayden,lgayden70,df3f172f8268514659a32b46f4486e97fca4c918,lgayden70@ucsd.edu,21,18/07/2022,17:26:00
Kamila,Goldsbrough,kgoldsbrough71,4e3055bcda2855a4e8ece6ef057da4c7e1a05f2e,kgoldsbrough71@msn.com,29,20/04/2022,08:10:33
Renata,Deinhard,rdeinhard72,e4cdce50b0d4a4f749286f50bb74e82abd44850f,rdeinhard72@parallels.com,80,12/06/2022,19:20:55
Wynnie,Benbough,wbenbough73,2b8a8920fbe2c06668101201e589c0f2266cfe55,wbenbough73@nasa.gov,44,05/11/2022,09:14:50
Phillipe,Ruttgers,pruttgers74,0c403fceeeffc76d2f3c9ba172afbb19e1bde985,pruttgers74@blinklist.com,34,09/11/2021,09:54:05
Nicholas,Lethbury,nlethbury75,6b0ca225f5af61691b0d9b21be5fbb2665a1501d,nlethbury75@mapquest.com,58,04/12/2021,00:46:47
Malorie,Wickendon,mwickendon76,4a2f25aa9bbb4d1faf9dddf19512d25f66184033,mwickendon76@tumblr.com,48,28/05/2022,18:58:52
Mair,Wyllt,mwyllt77,d9ed69474cbf0539459d7cb3d385a060b0a4d351,mwyllt77@cafepress.com,71,12/05/2022,09:38:18
Nananne,Iacoboni,niacoboni78,50decd215bb99756923c2f8e756383b7aa7c1551,niacoboni78@addthis.com,46,07/12/2021,06:02:00
Danita,Sprosson,dsprosson79,0aa9f1bb4290f2c63092e5ce5b15fa6251565a43,dsprosson79@newsvine.com,90,02/11/2022,13:34:03
Neils,Edensor,nedensor7a,96fe087b43fefe0e6df7343fd84958c0215d2e4d,nedensor7a@scientificamerican.com,96,12/07/2022,09:59:39
Celene,Phelit,cphelit7b,99249dc7140129db2e579836e1d00964b4c50e17,cphelit7b@furl.net,74,28/06/2022,21:34:02
Welbie,Tregonna,wtregonna7c,0cd6fb767f738750afca982d17e2530b37f43db3,wtregonna7c@wisc.edu,36,31/03/2022,19:55:48
Doreen,Ziemke,dziemke7d,93872549ac212bffaba4c2117b1bfdd9f0225c17,dziemke7d@blogspot.com,55,02/08/2022,21:01:26
Hillard,Bubear,hbubear7e,6d4b0d95d68436f82f2df264da58ba090f0b2e7c,hbubear7e@vinaora.com,91,21/10/2022,05:30:11
Ester,Isabell,eisabell7f,d4edb6df80ac1f2bdc5bafa00ee10c3436346960,eisabell7f@digg.com,79,03/03/2022,11:31:06
Zenia,Lansberry,zlansberry7g,e23a811303e08d8f1de8588548a84f2d0539b587,zlansberry7g@parallels.com,95,21/04/2022,18:46:03
Emory,Stranks,estranks7h,6eb3fcfc23eaa1fcc61f83c51d819d6332ce605a,estranks7h@adobe.com,39,05/02/2022,16:51:05
Bobbette,Andrag,bandrag7i,762da45c0204e2b5b08cc964fab37d93331e05fc,bandrag7i@comsenz.com,87,24/03/2022,04:30:01
Ellyn,MacKellen,emackellen7j,0cafe1a791046b287bb03e257de39e71a47dc73c,emackellen7j@php.net,61,05/06/2022,16:10:58
Roi,Kilmister,rkilmister7k,34a40e8aa2bf25fc57135f93361891da48ad11d7,rkilmister7k@hc360.com,98,13/06/2022,11:59:44
Miles,Kilcullen,mkilcullen7l,def530b232b20e12ef6b19471f3ffbc202cc3d1f,mkilcullen7l@hugedomains.com,82,01/06/2022,11:05:34
Bing,Pibworth,bpibworth7m,3632df9090f94d64b060569a52c322841811d143,bpibworth7m@army.mil,51,24/08/2022,23:08:31
Julia,Lillyman,jlillyman7n,c9760c12fc4f44ddc557738ae7849e471a40aec8,jlillyman7n@hexun.com,30,13/01/2022,01:17:55
Mata,Zink,mzink7o,a3e7f5ba55f46f73230f5bc3704429aaf8c968ee,mzink7o@usda.gov,49,12/07/2022,08:48:42
Kayne,Daviot,kdaviot7p,6b26524ccd409332be9f4623b3f4726a1645b829,kdaviot7p@illinois.edu,66,18/12/2021,17:49:12
Giusto,Gyer,ggyer7q,b6a416b241f8f3dfaf7e336d6e6c838652293184,ggyer7q@zdnet.com,68,03/04/2022,18:07:04
Adella,Ruperto,aruperto7r,349b97f66cf2026a6762ade73ae788bb47e90d92,aruperto7r@51.la,84,25/06/2022,07:38:53
Rufe,Slocumb,rslocumb7s,abf96694ec101f566c08d43c8b9cfb55a83cd93b,rslocumb7s@psu.edu,45,19/12/2021,18:47:42
Gerhardt,Atherley,gatherley7t,567e63f5345fbc98f133a817b845f0dc2e1e8951,gatherley7t@dropbox.com,36,22/05/2022,13:04:44
Denni,Cringle,dcringle7u,c7d2f0180c4591c18e5397a1cd189f7bfa49391d,dcringle7u@gov.uk,46,01/01/2022,07:03:38
Amalie,Perle,aperle7v,ea4fa56fd2a8b7eee87aeea018617435118b4d0e,aperle7v@phoca.cz,29,06/08/2022,17:43:53
Jake,Filipowicz,jfilipowicz7w,7679f51fe612a13dc6f0de950b393a7f92d27ab8,jfilipowicz7w@tinypic.com,36,06/06/2022,14:54:13
Jojo,Beange,jbeange7x,236444999253e7484700de4e5783ad844d029ef3,jbeange7x@nytimes.com,22,27/04/2022,04:45:58
Clarence,Pettecrew,cpettecrew7y,df3595ab70fee1b8dbd4e807253ca90fe4e62a86,cpettecrew7y@exblog.jp,20,14/02/2022,06:09:38
Jaclin,Olanda,jolanda7z,398aa3efaf0c11e3066f5f628b6494f6751f35f1,jolanda7z@dion.ne.jp,41,14/01/2022,12:52:01
Valencia,Chapleo,vchapleo80,834e2a6c3beed51ce447c75f929cabe50b9c9053,vchapleo80@eventbrite.com,61,08/04/2022,23:22:40
Conrade,Chiplin,cchiplin81,6bfb67f55cef22f30d4e82a4ca60984cd25a3f32,cchiplin81@sciencedaily.com,80,21/07/2022,14:30:40
Warner,Swiggs,wswiggs82,468d52060be245815bb16909d261dcfb836a1c5c,wswiggs82@cargocollective.com,52,30/05/2022,06:14:53
Archer,Shepland,ashepland83,a31fec53b53b430d53c590ace64945c59a304bcd,ashepland83@guardian.co.uk,45,07/08/2022,15:51:46
Aliza,Vahey,avahey84,6bb132561998f74cbf380c5eb16c9d931ef515dc,avahey84@icq.com,50,02/05/2022,21:12:37
Guendolen,Sadlier,gsadlier85,dff03e098132667514de2902ce04fa2cb8f86f3c,gsadlier85@fda.gov,64,30/10/2022,15:04:43
Maurita,Smails,msmails86,ed6ef509b8c64899ef07e6c2a01db8886eda1e33,msmails86@blogspot.com,57,04/12/2021,03:10:48
Weston,Winders,wwinders87,c8c370392ad3a4a40fb6769ccca460b74835ec03,wwinders87@pinterest.com,22,17/12/2021,13:37:18
Leonardo,McIlharga,lmcilharga88,3aac2da952744f02a3d4541cc403a2ab8b1e8027,lmcilharga88@lycos.com,91,15/10/2022,19:54:28
Michel,Vlasenko,mvlasenko89,e9719c93c3710b903ca02548eaab96ad588a99cf,mvlasenko89@dedecms.com,52,13/09/2022,23:43:29
Basil,Dumbleton,bdumbleton8a,e2f462531ff7927143996cec574462743d99fdbd,bdumbleton8a@thetimes.co.uk,77,01/06/2022,19:45:29
Clem,Goffe,cgoffe8b,eb78c0e586c19a9a9d2250353eb3745ed38e9037,cgoffe8b@hibu.com,93,25/02/2022,12:52:12
Blayne,Batchley,bbatchley8c,3d25dad90c5313af4503c8b0eb916e2d4b078ee8,bbatchley8c@answers.com,78,03/03/2022,12:18:47
Illa,Cooper,icooper8d,11c6d11885f45ade6ac90b7c61359daf1b9c2151,icooper8d@google.com.au,72,19/07/2022,19:09:36
Willetta,Esparza,wesparza8e,da255be342a26a6b7ca77aaa8efc597ae09e2050,wesparza8e@ox.ac.uk,29,17/04/2022,20:17:32
Editha,Wrightem,ewrightem8f,7707c73c7fa232c8b92bfa9dc1c67ff89460acb7,ewrightem8f@t-online.de,53,23/11/2021,15:31:40
Ange,Kinglesyd,akinglesyd8g,b2767bbc1eb95de49c96aa4c38c9c1a379b45c66,akinglesyd8g@goo.ne.jp,31,15/02/2022,10:49:38
Cyril,Oughtright,coughtright8h,912f2cbc8484c5253f5821038f4809331a7d5465,coughtright8h@sitemeter.com,35,27/10/2022,03:30:30
Cchaddie,Carley,ccarley8i,386b455ceafa132462036886f134b502c381d9db,ccarley8i@slate.com,41,21/05/2022,13:53:54
Yehudit,MacCurley,ymaccurley8j,7165ffabe096c5decba46928175060b58b7cb6da,ymaccurley8j@gravatar.com,61,20/06/2022,00:20:27
Nicolina,Waterstone,nwaterstone8k,c581a986a9ab04a8d41c538e5de41200995262f4,nwaterstone8k@cdbaby.com,94,21/10/2022,03:43:03
Angel,MacAndrew,amacandrew8l,b91f0666eb3259c3793455926eb4976de39e6b7b,amacandrew8l@senate.gov,36,25/07/2022,22:21:13
Town,Catonne,tcatonne8m,d234371840638671d5a88ec65ef0212f3d9d57ae,tcatonne8m@addthis.com,53,07/08/2022,08:50:20
Shannan,Laugherane,slaugherane8n,868ac8f86fb50c21f49dc849ffdf416bdb85405b,slaugherane8n@uiuc.edu,41,25/02/2022,06:30:23
Shellysheldon,Mitie,smitie8o,ad3349e96b83c87895eaf0b686727ae9aeae5a7b,smitie8o@psu.edu,71,12/05/2022,02:57:52
Amaleta,Macveigh,amacveigh8p,e430a92f751bc602970f64550b3792e50eb301c3,amacveigh8p@epa.gov,81,20/02/2022,16:03:10
Inness,Benedikt,ibenedikt8q,9d74749b625fd5ebd78a895f00b480e340d33846,ibenedikt8q@dailymotion.com,69,13/05/2022,18:30:20
Monroe,Sherrell,msherrell8r,ac89e5cb37e243418a17a14b63aed6b6e0465f02,msherrell8r@reuters.com,81,12/08/2022,03:41:09
Essie,Insull,einsull8s,dbb0b0e99e1104946bef35f9c8ed2121b6011dbd,einsull8s@plala.or.jp,72,24/07/2022,14:48:00
Cam,Castana,ccastana8t,6315ff54bf82dc4879e8f2b4ca4af42a54d751db,ccastana8t@tripod.com,57,29/07/2022,01:25:42
Kettie,MacCafferty,kmaccafferty8u,1e55cc95481d03f2e33e777dc06e459a6bf4f65b,kmaccafferty8u@tripadvisor.com,59,08/11/2022,04:26:34
Almeta,McMonnies,amcmonnies8v,cc0ac563c6a900f5727a962daa47b03e2f1921a9,amcmonnies8v@scribd.com,56,24/10/2022,22:33:44
Melodee,Boncore,mboncore8w,667da40e76f313304c26cafb6dd934209919c7d7,mboncore8w@soup.io,94,21/03/2022,10:56:40
Joshua,Wyche,jwyche8x,fcb099da7175a922b093e05d758fd77a02593414,jwyche8x@hc360.com,40,05/11/2022,03:47:56
Marys,Maddern,mmaddern8y,ddd8a26585ebb9c9a005326adb530b5c0b05df2b,mmaddern8y@fda.gov,88,22/04/2022,00:48:41
Mabelle,Tantrum,mtantrum8z,5c9723d687c28bc704a1820a81c0a161862b4129,mtantrum8z@bbb.org,22,09/01/2022,07:03:05
Celeste,de Keep,cdekeep90,73c8c803b5e385e48668b47cb3b24c8a7be6df9a,cdekeep90@vimeo.com,30,13/05/2022,10:21:33
Kippy,Barnson,kbarnson91,3b68e0529800bfb8b54b2b3ab2c42bf3ab007842,kbarnson91@reverbnation.com,97,11/04/2022,04:25:27
Rheba,McKillop,rmckillop92,c42026c437951ee04e3392a09c1bd92a3d9f6279,rmckillop92@indiegogo.com,73,12/07/2022,08:21:21
Filia,Griston,fgriston93,309a6eef2f7fde0836b9042e554051455bf52a51,fgriston93@craigslist.org,62,25/04/2022,01:19:33
Boot,Jinks,bjinks94,04c0204c3c2e73996e240f09e12cd579e97b16cf,bjinks94@ezinearticles.com,64,07/04/2022,22:36:14
Elvina,Kleinhandler,ekleinhandler95,aced83496709895570dff05ad8f9e4d84c6fcf33,ekleinhandler95@hud.gov,30,12/02/2022,12:30:17
Jareb,Quincee,jquincee96,b25069e8813ffc9a116ccca5525320944c49deb8,jquincee96@i2i.jp,33,15/03/2022,00:16:38
Dall,Winkle,dwinkle97,8a5dc1303be264a134a1ae859c487cf607075361,dwinkle97@hubpages.com,59,04/07/2022,13:10:42
Malissa,Widdall,mwiddall98,0bb2a545639f311c4dec33a6f5e7c5fde5698e26,mwiddall98@businesswire.com,30,22/10/2022,17:34:10
Chastity,Gotobed,cgotobed99,e19d334637e8d057baa06457b6e9592e63c2e149,cgotobed99@tumblr.com,47,19/02/2022,00:55:44
Marijn,Baistow,mbaistow9a,11fd46ee1b09fc013058662c1651fd94648a217f,mbaistow9a@adobe.com,82,04/02/2022,14:41:19
Lionel,Ipplett,lipplett9b,eecbc7401571d963648cac6ca938d8daf12318e5,lipplett9b@imageshack.us,48,11/03/2022,20:59:24
Paulie,de'-Ancy Willis,pdeancywillis9c,8e99f1c886406910d88a738a7465bbff65e7eafc,pdeancywillis9c@upenn.edu,34,02/12/2021,21:45:36
Edithe,Rorke,erorke9d,fbc5403cf0e08532f2eb9afe53714712f495859e,erorke9d@sbwire.com,88,13/10/2022,17:50:37
Selena,Ing,sing9e,d6103ce405679ecf670f735df0a5d043c379b9c2,sing9e@state.tx.us,21,16/04/2022,23:44:25
Bryna,Pavlitschek,bpavlitschek9f,71131db848035378bde2ddbc5726d91a45239d61,bpavlitschek9f@myspace.com,31,14/05/2022,03:41:26
Paige,Clarycott,pclarycott9g,526f3cfbdad487d221c5bba66dca1feb2fb3bd41,pclarycott9g@slashdot.org,75,18/06/2022,19:10:24
Berte,Titchen,btitchen9h,ec7b31eda0b4c3212144361c0eb7ca9f0b39f99c,btitchen9h@shutterfly.com,32,08/10/2022,04:59:10
Holmes,Woodlands,hwoodlands9i,724d144f7332e1a517433e611ea5c141ed4d8f39,hwoodlands9i@seesaa.net,66,06/03/2022,07:08:12
Ciel,Bowerman,cbowerman9j,02f7bf1bdd2487c0d2c979e27cd0785fc5de19ff,cbowerman9j@chron.com,75,12/09/2022,01:40:53
Dasha,Growy,dgrowy9k,e5b902e2cc11a7bf01ce40313300dcf19893f4d6,dgrowy9k@tinypic.com,66,16/04/2022,19:54:15
Marion,Muro,mmuro9l,a88180e940fdcf02b0f9a7489cde0b3b66159a38,mmuro9l@businessinsider.com,42,14/02/2022,07:29:54
Burk,Zuan,bzuan9m,5fa8e65d925b0bcba5b228e89f5aa4491e83d0a4,bzuan9m@ed.gov,61,16/11/2021,08:47:52
Tomasina,Drakes,tdrakes9n,f03da007d17ffca4e2d1d40c4ca667c387e26d44,tdrakes9n@symantec.com,36,18/07/2022,01:05:14
Breena,Thoma,bthoma9o,fcf1543027901bff1e6f6de40c4df670813a355a,bthoma9o@tuttocitta.it,39,04/12/2021,17:36:37
Larry,Finders,lfinders9p,6b17c273d77ce40d388757344d5218e2b33fc79f,lfinders9p@edublogs.org,84,23/11/2021,17:34:12
Clemmie,Streeton,cstreeton9q,41ed1bbe3eb80bec4245214f8e3150ee9d0bda0b,cstreeton9q@gmpg.org,49,10/12/2021,13:13:18
Malinde,Tuminini,mtuminini9r,7b8760e8d83faca470c5d2c3a0323490e23f8f83,mtuminini9r@delicious.com,58,14/11/2021,15:45:17
Brandyn,Bamlet,bbamlet9s,03853caf69079db425ebcc5450c681618cef91b3,bbamlet9s@globo.com,55,02/10/2022,22:36:00
Moselle,Strutton,mstrutton9t,bfe6d14de5f8c2d0c21b17b7207a6e7551283f5f,mstrutton9t@indiegogo.com,30,01/12/2021,15:42:43
Storm,Stilgoe,sstilgoe9u,604fd26f026c42c7cbb411d92280e074f4d21985,sstilgoe9u@tuttocitta.it,26,25/02/2022,17:48:49
Rikki,Omond,romond9v,22399ca51473e4924e796f3eee78b8fbe7974ed1,romond9v@icio.us,25,07/08/2022,21:27:16
Harlie,Grogor,hgrogor9w,582f0a504251cfef644b3e426f36f93e9a4f607f,hgrogor9w@stanford.edu,39,08/01/2022,23:00:44
Merwin,Frediani,mfrediani9x,80caba583343819111eeebb5f4ef3f7d3e6066e8,mfrediani9x@msu.edu,91,23/12/2021,18:25:05
Tarra,Haken,thaken9y,64085f2c88171f40329ef85bc5489b6cdb3e5fc0,thaken9y@multiply.com,58,03/01/2022,07:45:51
Willy,Imbrey,wimbrey9z,cc39f090f57b7a08f6965776ee0eba42d59095b5,wimbrey9z@plala.or.jp,75,16/05/2022,20:08:04
Bailie,Spelwood,bspelwooda0,deb0f5dcdedba9ba515ed3a9dc0993a4c5cbeda9,bspelwooda0@sourceforge.net,48,07/12/2021,01:46:07
Christina,Antonijevic,cantonijevica1,c1afa7fb7e2a96f18ec0cf6c4ae1c3424301c8e9,cantonijevica1@facebook.com,24,19/01/2022,17:12:33
Shurlock,Marrable,smarrablea2,b13d4d0e07919ae696500d5b51983e61c03e401e,smarrablea2@prnewswire.com,39,18/11/2021,15:28:15
Peyter,Weatherall,pweatheralla3,f9e2a7cae730f27679c958e9172f2f23ebc27c3a,pweatheralla3@fotki.com,84,28/01/2022,18:04:52
Dolf,Maloney,dmaloneya4,18230decf5c8e709f447d118fa675dfed772ea8d,dmaloneya4@fema.gov,46,31/12/2021,09:56:27
Anne,Rosiello,arosielloa5,2974f843d92d808f5e6744ed4910f744a56a5242,arosielloa5@state.gov,88,16/10/2022,13:52:18
Maggi,Mattielli,mmattiellia6,8e5cdb17b0ec79ee55f5f1aad88d286a56c43b66,mmattiellia6@timesonline.co.uk,89,10/05/2022,01:36:57
Giff,Bern,gberna7,c68a892ca9fa87dbdc8564d28afc202f516cf2fd,gberna7@ustream.tv,41,12/01/2022,05:54:42
Tobye,Fowley,tfowleya8,7f1cd78b9f2ffacb76ef4d35ac22144391708ad6,tfowleya8@flickr.com,97,07/06/2022,21:33:09
Webb,Ors,worsa9,f366e97b835f8e5e1e49cf37a6c2541c3cc54c2e,worsa9@nih.gov,22,28/11/2021,21:43:37
Haven,Chazotte,hchazotteaa,94d62d6cf3a11aa4495f5d6684d9247ca26d7541,hchazotteaa@usgs.gov,99,21/09/2022,22:59:26
Robbin,Curcher,rcurcherab,e12134a1e1c6d7b3bf1dc59f0ae1dafa18fbedb2,rcurcherab@odnoklassniki.ru,90,26/12/2021,23:16:38
Joan,Duer,jduerac,327cefe119a544bc54babc09b457f000255400fc,jduerac@time.com,65,14/10/2022,16:24:28
Darcey,Schulze,dschulzead,7d75626b8f2aca582e614b9efbc53b602292ef51,dschulzead@unc.edu,44,09/09/2022,03:02:47
Nils,Lieb,nliebae,8029f89ae775d916ece76b682945f64b168561a7,nliebae@jiathis.com,55,13/10/2022,11:39:07
Ronnie,Godier,rgodieraf,97f15605113c14700be08a9bdcd6f1ce8c45a561,rgodieraf@goo.gl,48,28/08/2022,07:46:39
Bond,Crampsy,bcrampsyag,d88cab5d6ad5821e6bdb7be976eaf61b9d2012bd,bcrampsyag@hhs.gov,87,23/06/2022,15:32:03
Ilse,Illes,iillesah,b133fc24f0aabf8452de1374fb0bdd71ab733b7c,iillesah@nifty.com,27,07/01/2022,06:40:27
Minetta,Storch,mstorchai,db0aa51d613f5109984a685724441c18f44e6c0a,mstorchai@adobe.com,34,02/01/2022,11:33:04
Sibeal,Ewins,sewinsaj,503f47bc04fce001f3a9a1615230c502d85f8f5f,sewinsaj@dailymotion.com,93,27/06/2022,21:57:28
Ruthy,Chaffin,rchaffinak,3b410951621c119465a9b09c9ed3475685dd14f4,rchaffinak@soup.io,38,04/01/2022,13:34:49
Si,Kerrich,skerrichal,63f93a2bacc1760a5196723f8852d5cbe9b6e16c,skerrichal@sourceforge.net,27,15/12/2021,09:33:23
Mauricio,Sherborne,msherborneam,167cfcdebc1b754d822b10e33318d825cf1772b3,msherborneam@webeden.co.uk,67,22/10/2022,17:59:52
Dreddy,Wildblood,dwildbloodan,94e8876a866c2cb5ad63d60bb151b9810c75d7bb,dwildbloodan@weibo.com,73,06/06/2022,17:13:08
Dorise,Brimley,dbrimleyao,200dabcb6c9b15ae53886d0cfbaeeced1c64950c,dbrimleyao@guardian.co.uk,51,04/04/2022,13:21:02
Corry,Sappson,csappsonap,fbc488efdf0739d29fa394db08c674a3b33e121b,csappsonap@latimes.com,29,12/12/2021,04:02:48
Fina,Digg,fdiggaq,23630827b500290fc68062ce5bf36fbe3007f39f,fdiggaq@rediff.com,67,31/03/2022,19:08:05
Amalie,Mortel,amortelar,6a6f0c6d2d892881dd1576155bccdb2bcdb1f2ac,amortelar@parallels.com,20,28/06/2022,13:07:51
Aylmer,Jendrich,ajendrichas,f3d12d147be0740a5be7ed300ef11a02444d9a9c,ajendrichas@noaa.gov,67,13/04/2022,06:14:10
Mella,Colbran,mcolbranat,e65689769b8ccb7729615a5ce2b5711d53548ebd,mcolbranat@latimes.com,38,28/06/2022,18:02:07
Addi,Sifleet,asifleetau,3f07cbb94286dbbac602c2e5b5b558818357d699,asifleetau@shutterfly.com,38,14/04/2022,03:23:47
Jolene,Quadling,jquadlingav,59b6bdaa63c5485a8c04affef1122c98ecd4f7ae,jquadlingav@youtube.com,28,06/10/2022,16:36:24
Donn,Dunmuir,ddunmuiraw,ccee67873351b8f7cd9ba524fd93d32c733cf5ec,ddunmuiraw@google.com.br,80,26/03/2022,13:49:33
Aleen,Punter,apunterax,c5edaa717227252a1d588887c87406b290f5aba6,apunterax@nba.com,94,05/07/2022,15:53:24
Joice,Soar,jsoaray,b973672f12ba2b45f113a5145fbf54eec09e6ec9,jsoaray@google.ca,80,21/03/2022,11:22:00
Byrom,Fawdry,bfawdryaz,6ad4aac5bfc30ca71f3e3fe8a57a73f9fd94478c,bfawdryaz@mozilla.org,78,28/04/2022,02:07:07
Rosy,Barehead,rbareheadb0,86ef4e1de57bc67ee726704ded500df9f93c3392,rbareheadb0@virginia.edu,91,01/03/2022,20:28:24
Andi,Arsmith,aarsmithb1,545b0ce2bea2687e8b83424166922710cfacdc85,aarsmithb1@gizmodo.com,86,05/03/2022,07:44:51
Neall,Neville,nnevilleb2,c0ba760d4ac614ab7e44841a39c7c86ba92beb93,nnevilleb2@seattletimes.com,77,18/10/2022,10:31:20
Rayner,Veivers,rveiversb3,5fa4a680cfa4e1010fd0263c06654c8500c5303c,rveiversb3@cloudflare.com,100,12/04/2022,05:07:11
Carmina,Hinks,chinksb4,d20336ffb9f99474a005b43845bc74333a51455c,chinksb4@gmpg.org,80,01/01/2022,06:42:40
Simmonds,Kneebone,skneeboneb5,956fbaa8d5d23fa82c5493f2dd3c7af8fb22ba5f,skneeboneb5@redcross.org,45,18/08/2022,23:16:17
Kathe,Harraway,kharrawayb6,14bbb033b086ecc408ad44dd3081d6b28c4e3ada,kharrawayb6@nydailynews.com,65,23/10/2022,15:24:12
Kip,Janout,kjanoutb7,26e96a9a827fd8b407d6bf25eb5af5f4219d1863,kjanoutb7@google.co.uk,70,18/11/2021,20:19:00
Zackariah,Lidgley,zlidgleyb8,1ac856b9bb77cf3ff49cca23f3815c530e3ead01,zlidgleyb8@craigslist.org,86,26/09/2022,18:41:22
Genevra,Loyns,gloynsb9,28b6eada971518cdfefd0f826ee9ae386cc5b6a5,gloynsb9@mtv.com,59,19/12/2021,12:20:09
Starr,O'Teague,soteagueba,e587b5057808c4cb48317efce3c633f6fe62831b,soteagueba@xinhuanet.com,30,25/05/2022,19:01:33
Adrien,Curm,acurmbb,fc6b930d6fb59b36f743b7209c58607cbf7aab4f,acurmbb@pen.io,62,03/08/2022,05:25:50
Pieter,Heathcote,pheathcotebc,ad736b0075c94d50cd3a3811cf792d843920c02d,pheathcotebc@aboutads.info,49,21/11/2021,22:30:44
Roman,Kirkam,rkirkambd,d1b361bdbfa6cf032e40a431b8be16148cc5af4e,rkirkambd@pcworld.com,34,02/11/2022,08:16:16
Baird,Meineck,bmeineckbe,92e5c0e3625a159b9af1a2b232b9369f22ed013d,bmeineckbe@eepurl.com,70,28/01/2022,22:25:40
Glenda,Side,gsidebf,449b84a81602af0a5c47677c9f7a4e518f5b9533,gsidebf@google.co.uk,89,06/09/2022,10:46:35
Corry,Martineau,cmartineaubg,3013218cf60c07033b816c830f99726c2766d7fb,cmartineaubg@mlb.com,34,21/03/2022,08:26:22
Herbie,O'Cullen,hocullenbh,bbd183f15836cf5c9c771bcc08cc977238a7ea66,hocullenbh@meetup.com,67,05/08/2022,10:35:10
Ingemar,Cavy,icavybi,d57179c337af6165db4b982a4668ca5569b69960,icavybi@epa.gov,98,19/06/2022,11:09:52
Laura,Mulvy,lmulvybj,09a35a18e7d213ce9230ef80eea1bb9c4d1bbe0b,lmulvybj@vk.com,43,12/10/2022,01:53:14
Laverne,Ryce,lrycebk,2c254146e13d05f9c141f1d88761ef6bc479e0d5,lrycebk@phpbb.com,88,08/06/2022,15:03:12
Aloin,Sandry,asandrybl,8c9e5340b9698293149f4476cb12b633677d2ec8,asandrybl@ustream.tv,85,08/08/2022,01:28:00
Cammy,De L'Isle,cdelislebm,11caecd11ca91e9f61ed699ee7fdd8990faa8ae5,cdelislebm@surveymonkey.com,52,11/04/2022,21:00:40
Ernst,MacNess,emacnessbn,9b50faad89df91844a227dde12db551a3b71f70a,emacnessbn@vk.com,91,11/01/2022,13:09:58
Paulette,Finnigan,pfinniganbo,8de54b82e6c68776de2ce88ffd6bfaa5fd3fbae1,pfinniganbo@omniture.com,68,18/11/2021,11:41:34
Kikelia,Orvis,korvisbp,2c7fe5a0ccf9c9e966ca033176238e367545f112,korvisbp@xinhuanet.com,57,10/03/2022,09:43:31
Barbaraanne,Kimmons,bkimmonsbq,4965bd6f2f062b4607982dca577016b3d0e21037,bkimmonsbq@fda.gov,46,21/08/2022,01:06:38
Marquita,Lewsy,mlewsybr,cf93f4337754749284ae9f7c45edc078c952f0d4,mlewsybr@i2i.jp,74,26/12/2021,15:30:44
Michal,Jurzyk,mjurzykbs,4bb77cb22b5fba085a6502b75cc425bf1e276e2d,mjurzykbs@businesswire.com,22,10/05/2022,13:01:24
Verina,Broadstock,vbroadstockbt,52c1fc41ef1d1369bcb599cdfe0189faf905b6a1,vbroadstockbt@t-online.de,82,11/11/2021,17:11:12
Ferris,Attewill,fattewillbu,f44bc6bf4204c1a5aa953749f8650167a00f3010,fattewillbu@addtoany.com,20,22/02/2022,12:34:37
Petronilla,Stickells,pstickellsbv,95bb9c90cc58ea48b34f0200d575b3f4a610af56,pstickellsbv@bandcamp.com,76,12/03/2022,18:34:07
Hewie,Kohrs,hkohrsbw,bc6a7cb7fe98ccc592b72eae818f5358c4749689,hkohrsbw@topsy.com,61,20/02/2022,08:23:21
Robers,Tiuit,rtiuitbx,1a5ea2ff0415354b66356e684feb64f0a26b5081,rtiuitbx@dmoz.org,51,22/08/2022,23:23:43
Val,Cocher,vcocherby,281b647140bf6332c3fdb524fbd4227b1c4b315e,vcocherby@techcrunch.com,64,29/04/2022,05:22:13
Terrijo,Sommerton,tsommertonbz,62b21f026ec71766a1cce84936db9a91870ff5da,tsommertonbz@google.de,58,02/04/2022,21:47:18
Farica,Beranek,fberanekc0,8fa0404cfd8f7c42feec9d90a8cd179906af3e4c,fberanekc0@usa.gov,64,10/09/2022,06:40:57
Kelcey,Radenhurst,kradenhurstc1,8f1c5a961a32500dc8ad6704d6c199e91ad4cc33,kradenhurstc1@wufoo.com,70,29/07/2022,03:00:51
Shannan,Darlaston,sdarlastonc2,aa9d6606dc44ea1aa85ae6ea987a3f896ad9f1a6,sdarlastonc2@naver.com,87,13/05/2022,08:53:02
Sibby,Dymott,sdymottc3,aa04b4ba46e552dc2c23e0e4bf4cf276e9231f1e,sdymottc3@loc.gov,100,18/05/2022,05:58:16
Paolo,Micklem,pmicklemc4,791a396fda5a6b0397aa53b162af2b06dad95096,pmicklemc4@cpanel.net,74,03/07/2022,05:33:42
Ursola,Eby,uebyc5,85ebae8677c1a8c0d8c7c89498b029fda4612e54,uebyc5@miitbeian.gov.cn,88,16/05/2022,08:39:28
Cam,Weymouth,cweymouthc6,3213d2bf49619e78d6c317768673553fd92f1b2f,cweymouthc6@thetimes.co.uk,68,11/03/2022,07:27:58
Penny,Robbs,probbsc7,762b9345abed5c0ed5e9cd87b9ed0af817d463d0,probbsc7@java.com,47,04/03/2022,23:42:50
Corenda,Leyshon,cleyshonc8,3cb20b6fe47037dce346b277ccd643ab49287ed9,cleyshonc8@livejournal.com,37,26/11/2021,19:48:18
Carolee,Odom,codomc9,29795a0edf3a5fe29228aac33f222bb47c7b3b30,codomc9@mysql.com,25,12/09/2022,18:31:16
Glynda,Lytlle,glytlleca,8ec0bef8162599c2668fba7dbf282bd52a02c193,glytlleca@mapquest.com,40,03/01/2022,22:36:55
Talia,Reimers,treimerscb,e05be8bd09d9b17ba465d2edf69599aee58ed6bd,treimerscb@qq.com,91,13/07/2022,07:13:30
Obed,Darnbrough,odarnbroughcc,66f9d2afabffc532a75913a06a01f6bcd5c418fe,odarnbroughcc@guardian.co.uk,44,03/07/2022,10:25:06
Mariya,Sowter,msowtercd,baed774b701b7047caed8fe95b1b942e94de9f27,msowtercd@storify.com,51,25/03/2022,17:02:23
Ilse,Baudou,ibaudouce,5e3edccacf0b358d6d1736efe4c6f330af76a695,ibaudouce@a8.net,77,24/12/2021,10:40:49
Ainslee,Auden,aaudencf,4a9e964f11569efe90cad1ec2f101f1ef5b3d601,aaudencf@boston.com,22,09/03/2022,20:14:50
Berty,Hodgon,bhodgoncg,76cdc0ec946ccebaa6f5550bca7fd8a2c7388aba,bhodgoncg@1688.com,71,15/02/2022,17:12:20
Zuzana,Goodacre,zgoodacrech,cb81c4d3f99fdbd1aeb29db219f1d82a620bb4be,zgoodacrech@patch.com,93,04/12/2021,08:20:52
Moria,McGeachey,mmcgeacheyci,7d9689c249d7bc168c1e894e802c1d9371534d49,mmcgeacheyci@vkontakte.ru,30,12/03/2022,14:43:36
Anett,Dymidowicz,adymidowiczcj,31c5b7fa754e57d217c457c56c0c76ddad72d9bb,adymidowiczcj@tripod.com,85,28/12/2021,06:04:00
Izaak,Josephi,ijosephick,e7c6bdb418f5d25ada1ef002372344777b42ee80,ijosephick@infoseek.co.jp,86,08/03/2022,08:33:07
Robbie,Gorrissen,rgorrissencl,c8f310195543e07edbc675b6594d6309f77e468b,rgorrissencl@ovh.net,93,25/06/2022,05:10:42
Charleen,Peeter,cpeetercm,8f95fd382f885080a18d0b39cb7cee6b665ae8a3,cpeetercm@list-manage.com,33,25/04/2022,04:18:35
Barbabra,Dall,bdallcn,1cb4f8d6c4d6fda612e696486b57f00969b841a1,bdallcn@washington.edu,22,24/03/2022,21:01:29
Debora,Orrin,dorrinco,d82f7e8e4de95ab59856076b63f13fc212d9cdfa,dorrinco@mtv.com,31,10/07/2022,18:19:48
Eloisa,Bradnocke,ebradnockecp,47843d4d0442ce3310519e335d312a1bb4fd9e5f,ebradnockecp@simplemachines.org,66,30/04/2022,17:42:16
Hildy,Blyden,hblydencq,1c3e1450a32b7324596b07a45ff47eeeb8bd12b3,hblydencq@microsoft.com,23,18/05/2022,01:35:36
Malvin,Reyes,mreyescr,9e8486f1c6048673fb65e7798ecf5ad5b09ddd14,mreyescr@studiopress.com,84,20/11/2021,09:36:14
Colette,Szymoni,cszymonics,d3a618bc0cc8194aa0eec969b45cce1364a66932,cszymonics@spotify.com,67,12/08/2022,02:33:58
Rustin,Blaza,rblazact,addd53b595d90ee5ba3eb3f756ea0ab9a563e279,rblazact@hubpages.com,24,04/04/2022,00:37:10
Berti,Lechelle,blechellecu,b53f95cec6c278981aec92b7abfdecc7144e652c,blechellecu@myspace.com,69,02/07/2022,07:50:58
Austine,Balsdone,abalsdonecv,a855c90e61aa5cd66e28673e26d586fa47d00c92,abalsdonecv@phpbb.com,64,16/10/2022,03:45:30
Damiano,Burstow,dburstowcw,9907a1a03b21ff08472ab9213b5a9dc472d82aca,dburstowcw@meetup.com,89,25/01/2022,09:29:55
Sayre,Cocking,scockingcx,304e18fd26de1ae848bd7ea6ca170e7a8d812899,scockingcx@si.edu,96,23/12/2021,21:19:24
Holmes,Coulthard,hcoulthardcy,d06975d654fc516c0d15e3afe54f4a400102d916,hcoulthardcy@cbc.ca,81,08/03/2022,01:35:42
Walther,Stollwerk,wstollwerkcz,99b5d739865eae4f4d098099721ee31628e9e85a,wstollwerkcz@cam.ac.uk,61,31/07/2022,02:16:08
Wally,Pygott,wpygottd0,863cd6b42816b15009b9ebbc93b1870f46ef926d,wpygottd0@w3.org,49,15/03/2022,11:07:05
Dina,Yukhnevich,dyukhnevichd1,01a0aefb216e5c2ae7af05fc1c2644c9c3ea6329,dyukhnevichd1@google.com.hk,59,19/08/2022,06:21:33
Nicki,Plan,npland2,1b164c385897a1384de29538bb13383b59881eae,npland2@google.com.hk,69,23/12/2021,15:49:01
Dene,Burnsall,dburnsalld3,9ef8e8c8e0c44153bbce91de9a3641f105c0644b,dburnsalld3@oakley.com,31,14/02/2022,19:34:59
Brad,McCullum,bmccullumd4,486e5e14ff79aba40534230ad144b34ecde8f91e,bmccullumd4@businessinsider.com,58,26/05/2022,08:04:33
Vivian,Ferrarotti,vferrarottid5,0772b00def0619a25b2946ef47eee44dfb538cbb,vferrarottid5@cyberchimps.com,83,11/08/2022,15:07:21
Corliss,Filppetti,cfilppettid6,a5a11ac674f23e18208262c9cee0aaa30359ad7c,cfilppettid6@qq.com,92,04/01/2022,09:29:36
Bobbe,Tanby,btanbyd7,9863fffe54f3ffeb4b455a1d6692ba821fd6af2c,btanbyd7@vimeo.com,24,26/04/2022,10:13:29
Mallory,Kyles,mkylesd8,4bf681600b4ecd6a8ef131631eb18863cbdc21a3,mkylesd8@pbs.org,54,14/10/2022,17:13:21
Federico,Grosvener,fgrosvenerd9,387a1c804ed9f29c8952597c83ab1f16b79b2fa1,fgrosvenerd9@businessinsider.com,21,02/01/2022,20:56:17
Pammi,Davidovich,pdavidovichda,c951141b794957f917f6c67b92b04f25bdb8b9dc,pdavidovichda@ox.ac.uk,100,20/08/2022,07:27:45
